,bigram,PMI
0,"('it', 'is')",6.1163126422165135
1,"('leave', 'tsm')",3.454222954697423
