,bigram,chi-sq
0,"('it', 'is')",2476.9319851934824
1,"('leave', 'tsm')",220.5145832046533
